[
  {
    "slug": "kirik-sokaklar",
    "title": "Kırık Sokaklar",
    "cover": "assets/cover_sample1.jpg",
    "description": "Dram ve kayıp üzerine dokunaklı bir hikâye. Bu kitap, zihnin labirentlerinde kaybolmuş karakterlerin keskin izlerini takip eder.",
    "pdf": "books/kirik-sokaklar.pdf",
    "genre": "Dram",
    "published": "2025-10-01"
  },
  {
    "slug": "sessiz-ciglik",
    "title": "Sessiz Çığlık",
    "cover": "assets/cover_sample2.jpg",
    "description": "Gözlerden kaçan acıların içsel monoloğu. Her sayfa nefes keser.",
    "pdf": "books/sessiz-ciglik.pdf",
    "genre": "Psikolojik Dram",
    "published": "2025-07-15"
  },
  {
    "slug": "karanlikta-agir",
    "title": "Karanlıkta Ağır",
    "cover": "assets/cover_sample3.jpg",
    "description": "Geçmişin gölgeleriyle yüzleşenlerin hikâyesi.",
    "pdf": "books/karanlikta-agir.pdf",
    "genre": "Dram",
    "published": "2025-03-10"
  }
]